{
  "bg": 85, 
  "temp": "absolute", 
  "snoozeBG": 96, 
  "recieved": true, 
  "predBGs": {
    "IOB": [
      85, 
      86, 
      86, 
      87, 
      88, 
      89, 
      90, 
      91, 
      92, 
      93, 
      95, 
      96, 
      97, 
      99, 
      101, 
      102, 
      104, 
      105, 
      107, 
      108, 
      109, 
      111, 
      112, 
      113, 
      114, 
      115, 
      115, 
      116, 
      117, 
      118, 
      118, 
      119, 
      119, 
      120, 
      120, 
      120, 
      120, 
      120, 
      121
    ]
  }, 
  "reason": "COB: 0, Dev: -7, BGI: 1.67, ISF: 90, Target: 100; Eventual BG 96 < 100, 30m@-0.550 = -0.275 < req -0.08888888888888889-0.165", 
  "rate": 0.325, 
  "COB": 0, 
  "eventualBG": 96, 
  "timestamp": "2016-12-31T05:58:44.556654", 
  "duration": 30, 
  "tick": "+3", 
  "IOB": -0.201
}