{
  "bg": 130, 
  "temp": "absolute", 
  "snoozeBG": 103, 
  "recieved": true, 
  "predBGs": {
    "IOB": [
      130, 
      126, 
      123, 
      120, 
      117, 
      114, 
      112, 
      110, 
      108, 
      107, 
      105, 
      105, 
      104, 
      104, 
      104, 
      104, 
      104, 
      105, 
      106, 
      107, 
      108, 
      109, 
      110, 
      111, 
      112, 
      112, 
      113, 
      114, 
      115, 
      115, 
      116, 
      117, 
      117, 
      117, 
      118
    ]
  }, 
  "reason": "COB: 0, Dev: -4, BGI: -3.12, ISF: 89, Target: 105; Eventual BG 103 < 105, 27m@-0.500 = -0.225 < req -0.044893378226711564-0.165", 
  "rate": 0.45, 
  "COB": 0, 
  "eventualBG": 103, 
  "timestamp": "2016-12-12T09:58:46.620275", 
  "duration": 30, 
  "tick": -2, 
  "IOB": 0.26
}