{
  "bg": 80, 
  "temp": "absolute", 
  "snoozeBG": 104, 
  "recieved": true, 
  "predBGs": {
    "aCOB": [
      80, 
      86, 
      92, 
      96, 
      100, 
      103, 
      104, 
      105, 
      106, 
      108, 
      110, 
      112, 
      114, 
      117, 
      119, 
      122, 
      125, 
      127, 
      130, 
      132, 
      134, 
      137, 
      139, 
      140, 
      142, 
      144, 
      145, 
      146, 
      147, 
      148, 
      149, 
      149, 
      150, 
      150, 
      150, 
      151
    ], 
    "IOB": [
      80, 
      78, 
      76, 
      75, 
      74, 
      74, 
      74, 
      74, 
      76, 
      77, 
      79, 
      81, 
      83, 
      86, 
      89, 
      91, 
      94, 
      96, 
      99, 
      101, 
      103, 
      106, 
      108, 
      109, 
      111, 
      113, 
      114, 
      115, 
      116, 
      117, 
      118, 
      118, 
      119, 
      119, 
      120
    ]
  }, 
  "reason": "COB: 7, Dev: -10, BGI: -0.7, ISF: 82, Target: 105; Eventual BG 104 < 105, 25m@-0.650 = -0.271 < req -0.02444987775061125-0.195. Setting neutral temp basal of 0.6U/hr", 
  "rate": 0.575, 
  "COB": 7, 
  "eventualBG": 104, 
  "timestamp": "2016-12-07T15:16:43.222684", 
  "duration": 30, 
  "tick": "+2", 
  "IOB": -0.411
}