{
  "bg": 117, 
  "temp": "absolute", 
  "snoozeBG": 95, 
  "recieved": true, 
  "predBGs": {
    "IOB": [
      117, 
      113, 
      109, 
      105, 
      101, 
      98, 
      96, 
      94, 
      92, 
      91, 
      90, 
      90, 
      90, 
      90, 
      91, 
      91, 
      92, 
      93, 
      94, 
      95, 
      96, 
      97, 
      98, 
      99, 
      100, 
      101, 
      102, 
      103, 
      104, 
      104, 
      105, 
      105, 
      106
    ]
  }, 
  "reason": "COB: 0, Dev: -12, BGI: -2.54, ISF: 82, Target: 96; Eventual BG 95 < 96, 22m@-0.575 = -0.211 < req -0.02444987775061125-0.1725. Setting neutral temp basal of 0.525U/hr", 
  "rate": 0.0, 
  "COB": 0, 
  "eventualBG": 95, 
  "timestamp": "2017-01-01T06:18:11.505274", 
  "duration": 21, 
  "tick": -3, 
  "IOB": 0.12
}