{
  "bg": 102, 
  "temp": "absolute", 
  "snoozeBG": 104, 
  "recieved": true, 
  "predBGs": {
    "IOB": [
      102, 
      100, 
      99, 
      97, 
      96, 
      96, 
      95, 
      95, 
      95, 
      96, 
      96, 
      97, 
      98, 
      99, 
      101, 
      102, 
      103, 
      104, 
      105, 
      106, 
      107, 
      108, 
      109, 
      110, 
      111, 
      112, 
      112, 
      113, 
      113, 
      114, 
      114, 
      114, 
      115
    ]
  }, 
  "reason": "COB: 0, Dev: -11, BGI: 0, ISF: 73, Target: 105; Eventual BG 104 < 105, 27m@-0.450 = -0.203 < req -0.027510316368638238-0.165. Setting neutral temp basal of 0.5U/hr", 
  "rate": 0.5, 
  "COB": 0, 
  "eventualBG": 104, 
  "timestamp": "2016-11-29T06:24:42.650420", 
  "duration": 30, 
  "tick": -2, 
  "IOB": -0.185
}