{
  "bg": 93, 
  "temp": "absolute", 
  "snoozeBG": 94, 
  "recieved": true, 
  "predBGs": {
    "IOB": [
      93, 
      91, 
      89, 
      87, 
      86, 
      85, 
      85, 
      84, 
      84, 
      84, 
      85, 
      85, 
      86, 
      87, 
      88, 
      89, 
      90, 
      92, 
      93, 
      94, 
      95, 
      96, 
      97, 
      98, 
      99, 
      99, 
      100, 
      101, 
      101, 
      102, 
      102, 
      102, 
      103
    ]
  }, 
  "reason": "COB: 0, Dev: -13, BGI: -0.25, ISF: 82, Target: 96; Eventual BG 94 < 96, 30m@-0.650 = -0.325 < req -0.0488997555012225-0.195", 
  "rate": 0.55, 
  "COB": 0, 
  "eventualBG": 94, 
  "timestamp": "2016-12-19T08:41:42.765447", 
  "duration": 30, 
  "tick": "+2", 
  "IOB": -0.168
}