{
  "bg": 132, 
  "temp": "absolute", 
  "snoozeBG": 77, 
  "recieved": true, 
  "predBGs": {
    "IOB": [
      132, 
      125, 
      118, 
      112, 
      106, 
      100, 
      96, 
      91, 
      88, 
      84, 
      82, 
      80, 
      78, 
      77, 
      76, 
      75, 
      75, 
      76, 
      76, 
      77, 
      78, 
      79, 
      80, 
      81, 
      82, 
      83, 
      85, 
      86, 
      86, 
      87, 
      88, 
      89, 
      89, 
      89, 
      90
    ]
  }, 
  "reason": "COB: 0, Dev: -3, BGI: -6.5, ISF: 81, Target: 80; Eventual BG 77 < 80, 26m@-0.650 = -0.282 < req -0.07425742574257425-0.195", 
  "rate": 0.5, 
  "COB": 0, 
  "eventualBG": 77, 
  "timestamp": "2016-12-03T11:46:57.418471", 
  "duration": 30, 
  "tick": -6, 
  "IOB": 0.643
}