{
  "bg": 138, 
  "temp": "absolute", 
  "snoozeBG": 105, 
  "recieved": true, 
  "predBGs": {
    "IOB": [
      138, 
      137, 
      135, 
      133, 
      132, 
      130, 
      129, 
      127, 
      126, 
      124, 
      123, 
      122, 
      122, 
      121, 
      121, 
      121, 
      120, 
      120, 
      120, 
      120, 
      120, 
      120, 
      121, 
      121, 
      121, 
      121, 
      122, 
      122, 
      123, 
      123, 
      123, 
      124, 
      124, 
      125
    ]
  }, 
  "reason": "COB: 0, Dev: -11, BGI: 0.19, ISF: 94, Target: 107; Eventual BG 105 < 107, 24m@-0.500 = -0.200 < req -0.042643923240938165-0.15", 
  "rate": 0.425, 
  "COB": 0, 
  "eventualBG": 105, 
  "timestamp": "2016-12-11T04:50:45.064975", 
  "duration": 30, 
  "tick": -1, 
  "IOB": 0.231
}