{
  "bg": 80, 
  "temp": "absolute", 
  "snoozeBG": 99, 
  "recieved": true, 
  "predBGs": {
    "IOB": [
      80, 
      80, 
      81, 
      81, 
      82, 
      83, 
      84, 
      85, 
      86, 
      87, 
      89, 
      90, 
      92, 
      94, 
      95, 
      97, 
      98, 
      100, 
      101, 
      103, 
      104, 
      105, 
      106, 
      107, 
      108, 
      108, 
      109, 
      109, 
      110, 
      110, 
      110, 
      111, 
      111, 
      111, 
      111, 
      111, 
      111, 
      111, 
      112
    ]
  }, 
  "reason": "COB: 0, Dev: -10, BGI: 1.72, ISF: 93, Target: 101; Eventual BG 99 < 101, 30m@-0.500 = -0.250 < req -0.04310344827586207-0.15", 
  "rate": 0.425, 
  "COB": 0, 
  "eventualBG": 99, 
  "timestamp": "2016-12-27T03:43:22.824966", 
  "duration": 30, 
  "tick": "+2", 
  "IOB": -0.322
}