{
  "bg": 160, 
  "temp": "absolute", 
  "snoozeBG": 95, 
  "recieved": true, 
  "predBGs": {
    "IOB": [
      160, 
      155, 
      150, 
      145, 
      140, 
      135, 
      131, 
      127, 
      123, 
      119, 
      116, 
      113, 
      110, 
      108, 
      106, 
      105, 
      104, 
      103, 
      103, 
      103, 
      103, 
      103, 
      103, 
      103, 
      104, 
      104, 
      105, 
      106, 
      106, 
      107, 
      108, 
      108, 
      109, 
      109, 
      109, 
      110
    ]
  }, 
  "reason": "COB: 0, Dev: 0, BGI: -4.87, ISF: 82, Target: 96; Eventual BG 95 < 96, 22m@-0.975 = -0.357 < req -0.02444987775061125-0.2925", 
  "rate": 0.925, 
  "COB": 0, 
  "eventualBG": 95, 
  "timestamp": "2017-01-06T01:48:13.685201", 
  "duration": 30, 
  "tick": -4, 
  "IOB": 0.793
}