{
  "bg": 101, 
  "temp": "absolute", 
  "snoozeBG": 99, 
  "recieved": true, 
  "predBGs": {
    "IOB": [
      101, 
      101, 
      102, 
      102, 
      103, 
      103, 
      103, 
      104, 
      104, 
      104, 
      105, 
      105, 
      106, 
      106, 
      107, 
      108, 
      108, 
      109, 
      110, 
      111, 
      111, 
      112, 
      113, 
      113, 
      114, 
      114, 
      115, 
      115, 
      116, 
      116, 
      117, 
      117, 
      117, 
      118, 
      118, 
      118, 
      119
    ]
  }, 
  "reason": "COB: 0, Dev: -5, BGI: 1.22, ISF: 90, Target: 100; Eventual BG 99 < 100, 26m@-0.500 = -0.217 < req -0.022222222222222223-0.18", 
  "rate": 0.55, 
  "COB": 0, 
  "eventualBG": 99, 
  "timestamp": "2017-01-07T13:28:18.009094", 
  "duration": 30, 
  "tick": "+1", 
  "IOB": -0.031
}