{
  "bg": 133, 
  "temp": "absolute", 
  "snoozeBG": 93, 
  "recieved": true, 
  "predBGs": {
    "IOB": [
      133, 
      130, 
      127, 
      124, 
      121, 
      118, 
      115, 
      113, 
      111, 
      109, 
      107, 
      106, 
      104, 
      103, 
      102, 
      102, 
      102, 
      101, 
      101, 
      101, 
      101, 
      102, 
      102, 
      102, 
      103, 
      103, 
      104, 
      104, 
      104, 
      105, 
      105, 
      106, 
      106, 
      106, 
      107
    ]
  }, 
  "reason": "COB: 0, Dev: -4, BGI: -2.33, ISF: 82, Target: 96; Eventual BG 93 < 96, 28m@-0.575 = -0.268 < req -0.07334963325183375-0.1725", 
  "rate": 0.425, 
  "COB": 0, 
  "eventualBG": 93, 
  "timestamp": "2017-01-06T04:46:42.811940", 
  "duration": 30, 
  "tick": -2, 
  "IOB": 0.44
}