{
  "bg": 78, 
  "temp": "absolute", 
  "snoozeBG": 94, 
  "recieved": true, 
  "predBGs": {
    "IOB": [
      78, 
      76, 
      74, 
      73, 
      72, 
      71, 
      71, 
      71, 
      72, 
      73, 
      74, 
      76, 
      78, 
      80, 
      82, 
      84, 
      87, 
      89, 
      91, 
      93, 
      96, 
      98, 
      100, 
      101, 
      103, 
      105, 
      106, 
      107, 
      108, 
      109, 
      109, 
      110, 
      111, 
      111, 
      111, 
      112
    ]
  }, 
  "reason": "COB: 0, Dev: -11, BGI: -0.48, ISF: 87, Target: 98; Eventual BG 94 < 98, 29m@-0.550 = -0.266 < req -0.09248554913294797-0.165", 
  "rate": 0.375, 
  "COB": 0, 
  "eventualBG": 94, 
  "timestamp": "2017-01-02T05:58:33.333861", 
  "duration": 30, 
  "tick": "+1", 
  "IOB": -0.315
}