{
  "bg": 87, 
  "temp": "absolute", 
  "snoozeBG": 108, 
  "recieved": true, 
  "predBGs": {
    "IOB": [
      87, 
      85, 
      84, 
      83, 
      82, 
      82, 
      83, 
      83, 
      84, 
      85, 
      87, 
      89, 
      91, 
      93, 
      96, 
      98, 
      100, 
      102, 
      104, 
      106, 
      107, 
      109, 
      110, 
      112, 
      113, 
      114, 
      115, 
      116, 
      117, 
      117, 
      118, 
      119, 
      119, 
      119, 
      120
    ]
  }, 
  "reason": "COB: 0, Dev: -16, BGI: 1.86, ISF: 78, Target: 109; Eventual BG 108 < 109, 22m@-0.675 = -0.248 < req -0.02574002574002574-0.2025", 
  "rate": 0.625, 
  "COB": 0, 
  "eventualBG": 108, 
  "timestamp": "2016-11-29T18:03:40.170102", 
  "duration": 30, 
  "tick": -2, 
  "IOB": -0.48
}